#Organism Name,Organism Groups,Strain,BioSample,BioProject,Assembly,Level,Size(Mb),GC%,Replicons,WGS,Scaffolds,CDS,Release Date,GenBank FTP,RefSeq FTP,Genes,Host,Modify Date,other RNA,Pseudogene,RefSeq category,rRNA,tRNA
"Brevibacillus sp. JNUCC-41","Bacteria;Terrabacteria group;Firmicutes","JNUCC-41","SAMN16277190","PRJNA666039","GCA_014844095.1","Complete",5.4907,40.3,"chromosome:NZ_CP062163.1/CP062163.1",,1,5081,"2020-10-05T00:00:00Z","ftp://ftp.ncbi.nlm.nih.gov/genomes/all/GCA/014/844/095/GCA_014844095.1_ASM1484409v1","ftp://ftp.ncbi.nlm.nih.gov/genomes/all/GCF/014/844/095/GCF_014844095.1_ASM1484409v1",5314,"soil","2020-10-07T00:00:00Z",6,104,,39,84
"Brevibacillus parabrevis","Bacteria;Terrabacteria group;Firmicutes","NBRC 12334","SAMD00097161","PRJDB6047","GCA_006539065.1","Contig",5.97957,52.2,,"BJMH01",119,5441,"2019-06-12T22:14:00Z","ftp://ftp.ncbi.nlm.nih.gov/genomes/all/GCA/006/539/065/GCA_006539065.1_ASM653906v1","ftp://ftp.ncbi.nlm.nih.gov/genomes/all/GCF/006/539/065/GCF_006539065.1_ASM653906v1",5582,,"2020-06-30T00:00:00Z",5,102,"representative",2,32
"Brevibacillus borstelensis cifa_chp40","Bacteria;Terrabacteria group;Firmicutes","cifa_chp40","SAMN02420592","PRJNA229942","GCA_000738785.1","Contig",5.19658,51.9,,"JPRB01",38,4905,"2014-08-08T00:00:00Z","ftp://ftp.ncbi.nlm.nih.gov/genomes/all/GCA/000/738/785/GCA_000738785.1_ASM73878v1","ftp://ftp.ncbi.nlm.nih.gov/genomes/all/GCF/000/738/785/GCF_000738785.1_ASM73878v1",5079,,"2020-02-14T00:00:00Z",6,52,"representative",3,113
"Brevibacillus thermoruber 423","Bacteria;Terrabacteria group;Firmicutes","423","SAMN02210769","PRJNA208425","GCA_000454065.1","Scaffold",4.4335,58.5,,"ATNE01",15,4179,"2013-08-22T00:00:00Z","ftp://ftp.ncbi.nlm.nih.gov/genomes/all/GCA/000/454/065/GCA_000454065.1_ASM45406v1","ftp://ftp.ncbi.nlm.nih.gov/genomes/all/GCF/000/454/065/GCF_000454065.1_ASM45406v1",4364,,"2020-11-01T00:00:00Z",5,72,"representative",11,97
"Brevibacillus panacihumi W25","Bacteria;Terrabacteria group;Firmicutes","W25","SAMN02378363","PRJNA223198","GCA_000503775.1","Scaffold",5.54594,50.1,,"AYJU01",11,5152,"2013-11-20T00:00:00Z","ftp://ftp.ncbi.nlm.nih.gov/genomes/all/GCA/000/503/775/GCA_000503775.1_version_1_for_the_Brevibacillus_panacihumi_W25_genome","ftp://ftp.ncbi.nlm.nih.gov/genomes/all/GCF/000/503/775/GCF_000503775.1_version_1_for_the_Brevibacillus_panacihumi_W25_genome",5439,,"2020-05-26T00:00:00Z",6,112,"representative",33,136
"Brevibacillus massiliensis","Bacteria;Terrabacteria group;Firmicutes","phR","SAMEA2272187","PRJEA82077","GCA_000311785.1","Scaffold",5.06036,53,,"CAGW01",37,4816,"2012-05-30T00:00:00Z","ftp://ftp.ncbi.nlm.nih.gov/genomes/all/GCA/000/311/785/GCA_000311785.1_ASM31178v1","ftp://ftp.ncbi.nlm.nih.gov/genomes/all/GCF/000/311/785/GCF_000311785.1_ASM31178v1",5101,"Homo sapiens","2020-07-16T00:00:00Z",6,198,"representative",0,81
"Brevibacillus formosus","Bacteria;Terrabacteria group;Firmicutes","DSM 9885","SAMN03700042","PRJNA284243","GCA_001012775.1","Scaffold",6.21536,47.4,,"LDCN01",26,5564,"2015-05-22T00:00:00Z","ftp://ftp.ncbi.nlm.nih.gov/genomes/all/GCA/001/012/775/GCA_001012775.1_ASM101277v1","ftp://ftp.ncbi.nlm.nih.gov/genomes/all/GCF/001/012/775/GCF_001012775.1_ASM101277v1",5858,,"2020-05-08T00:00:00Z",5,132,"representative",8,149
"Brevibacillus reuszeri","Bacteria;Terrabacteria group;Firmicutes","DSM 9887","SAMN03857465","PRJNA289729","GCA_001187725.1","Scaffold",6.98649,47,,"LGIQ01",24,6675,"2015-07-27T00:00:00Z","ftp://ftp.ncbi.nlm.nih.gov/genomes/all/GCA/001/187/725/GCA_001187725.1_ASM118772v1","ftp://ftp.ncbi.nlm.nih.gov/genomes/all/GCF/001/187/725/GCF_001187725.1_ASM118772v1",6915,,"2020-05-08T00:00:00Z",5,139,"representative",4,93
"Brevibacillus choshinensis","Bacteria;Terrabacteria group;Firmicutes","DSM 8552","SAMN04038047","PRJNA294855","GCA_001420695.1","Scaffold",6.27909,48.4,,"LJJB01",16,5830,"2015-10-30T00:00:00Z","ftp://ftp.ncbi.nlm.nih.gov/genomes/all/GCA/001/420/695/GCA_001420695.1_ASM142069v1","ftp://ftp.ncbi.nlm.nih.gov/genomes/all/GCF/001/420/695/GCF_001420695.1_ASM142069v1",6133,,"2020-05-08T00:00:00Z",5,132,"representative",28,138
"Brevibacillus centrosporus","Bacteria;Terrabacteria group;Firmicutes","NBRC 15540","SAMD00097586","PRJDB5991","GCA_006540045.1","Contig",6.24235,49.5,,"BJOE01",166,5990,"2019-06-12T22:17:00Z","ftp://ftp.ncbi.nlm.nih.gov/genomes/all/GCA/006/540/045/GCA_006540045.1_ASM654004v1","ftp://ftp.ncbi.nlm.nih.gov/genomes/all/GCF/006/540/045/GCF_006540045.1_ASM654004v1",6225,,"2020-06-30T00:00:00Z",5,190,"representative",3,37
"Brevibacillus fluminis","Bacteria;Terrabacteria group;Firmicutes","JCM 15716","SAMN10330925","PRJNA498706","GCA_003710825.1","Contig",6.45613,50.4,,"RHHQ01",98,5965,"2018-11-04T00:00:00Z","ftp://ftp.ncbi.nlm.nih.gov/genomes/all/GCA/003/710/825/GCA_003710825.1_ASM371082v1","ftp://ftp.ncbi.nlm.nih.gov/genomes/all/GCF/003/710/825/GCF_003710825.1_ASM371082v1",6183,,"2020-08-17T00:00:00Z",5,76,"representative",16,121
"Brevibacillus nitrificans","Bacteria;Terrabacteria group;Firmicutes","JCM 15774","SAMN10331152","PRJNA498706","GCA_003710965.1","Contig",6.33099,50.5,,"RHHU01",40,5963,"2018-11-04T00:00:00Z","ftp://ftp.ncbi.nlm.nih.gov/genomes/all/GCA/003/710/965/GCA_003710965.1_ASM371096v1","ftp://ftp.ncbi.nlm.nih.gov/genomes/all/GCF/003/710/965/GCF_003710965.1_ASM371096v1",6160,,"2020-08-17T00:00:00Z",6,46,"representative",16,129
"Brevibacillus gelatini","Bacteria;Terrabacteria group;Firmicutes","DSM 100115","SAMN10331140","PRJNA498706","GCA_003710935.1","Contig",4.63757,52,,"RHHS01",91,4357,"2018-11-04T00:00:00Z","ftp://ftp.ncbi.nlm.nih.gov/genomes/all/GCA/003/710/935/GCA_003710935.1_ASM371093v1","ftp://ftp.ncbi.nlm.nih.gov/genomes/all/GCF/003/710/935/GCF_003710935.1_ASM371093v1",4612,,"2020-05-11T00:00:00Z",5,122,"representative",12,116
"Brevibacillus invocatus","Bacteria;Terrabacteria group;Firmicutes","JCM 12215","SAMN10330927","PRJNA498706","GCA_003710915.1","Contig",4.7537,48.9,,"RHHR01",118,4592,"2018-11-04T00:00:00Z","ftp://ftp.ncbi.nlm.nih.gov/genomes/all/GCA/003/710/915/GCA_003710915.1_ASM371091v1","ftp://ftp.ncbi.nlm.nih.gov/genomes/all/GCF/003/710/915/GCF_003710915.1_ASM371091v1",4849,,"2020-08-16T00:00:00Z",5,156,"representative",14,82
"Brevibacillus fortis","Bacteria;Terrabacteria group;Firmicutes","NRRL NRS-1210","SAMN08719550","PRJNA438362","GCA_003013395.1","Contig",6.26822,47.2,,"PXZM01",88,5650,"2018-03-21T00:00:00Z","ftp://ftp.ncbi.nlm.nih.gov/genomes/all/GCA/003/013/395/GCA_003013395.1_ASM301339v1","ftp://ftp.ncbi.nlm.nih.gov/genomes/all/GCF/003/013/395/GCF_003013395.1_ASM301339v1",5935,,"2020-04-03T00:00:00Z",6,158,"representative",3,118
"Brevibacillus porteri","Bacteria;Terrabacteria group;Firmicutes","NRRL B-41110","SAMN08719621","PRJNA438362","GCA_003013475.1","Contig",6.46202,47.1,,"PXZO01",94,6028,"2018-03-21T00:00:00Z","ftp://ftp.ncbi.nlm.nih.gov/genomes/all/GCA/003/013/475/GCA_003013475.1_ASM301347v1","ftp://ftp.ncbi.nlm.nih.gov/genomes/all/GCF/003/013/475/GCF_003013475.1_ASM301347v1",6345,,"2020-04-03T00:00:00Z",5,186,"representative",12,114
"Brevibacillus antibioticus","Bacteria;Terrabacteria group;Firmicutes","TGS2-1","SAMN11431369","PRJNA532994","GCA_005217615.1","Contig",6.18174,47,,"SZNK01",2,5550,"2019-05-06T00:00:00Z","ftp://ftp.ncbi.nlm.nih.gov/genomes/all/GCA/005/217/615/GCA_005217615.1_ASM521761v1","ftp://ftp.ncbi.nlm.nih.gov/genomes/all/GCF/005/217/615/GCF_005217615.1_ASM521761v1",5929,,"2020-04-04T00:00:00Z",5,204,"representative",44,126
"Brevibacillus halotolerans","Bacteria;Terrabacteria group;Firmicutes","s-14","SAMN15579848","PRJNA647640","GCA_013867635.1","Contig",5.30654,40.9,,"JACEIN01",56,4521,"2020-07-28T00:00:00Z","ftp://ftp.ncbi.nlm.nih.gov/genomes/all/GCA/013/867/635/GCA_013867635.1_ASM1386763v1","ftp://ftp.ncbi.nlm.nih.gov/genomes/all/GCF/013/867/635/GCF_013867635.1_ASM1386763v1",4759,,"2020-08-04T00:00:00Z",4,126,,14,94
"Brevibacillus centrosporus","Bacteria;Terrabacteria group;Firmicutes","NRRL NRS 664","SAMN10330924","PRJNA498706","GCA_003710815.1","Contig",5.91858,50,,"RHHP01",71,5653,"2018-11-04T00:00:00Z","ftp://ftp.ncbi.nlm.nih.gov/genomes/all/GCA/003/710/815/GCA_003710815.1_ASM371081v1","ftp://ftp.ncbi.nlm.nih.gov/genomes/all/GCF/003/710/815/GCF_003710815.1_ASM371081v1",5967,,"2020-08-17T00:00:00Z",5,177,,11,121
"Brevibacillus reuszeri","Bacteria;Terrabacteria group;Firmicutes","NBRC 15719","SAMD00097595","PRJDB5992","GCA_006540225.1","Contig",6.94284,47,,"BJON01",65,6663,"2019-06-12T22:28:00Z","ftp://ftp.ncbi.nlm.nih.gov/genomes/all/GCA/006/540/225/GCA_006540225.1_ASM654022v1","ftp://ftp.ncbi.nlm.nih.gov/genomes/all/GCF/006/540/225/GCF_006540225.1_ASM654022v1",6826,,"2020-06-30T00:00:00Z",5,127,,3,28
"Brevibacillus formosus","Bacteria;Terrabacteria group;Firmicutes","NF2","SAMN06028204","PRJNA353906","GCA_002215075.1","Complete",6.43701,47.2,"chromosome:NZ_CP018145.1/CP018145.1",,1,5680,"2017-07-06T00:00:00Z","ftp://ftp.ncbi.nlm.nih.gov/genomes/all/GCA/002/215/075/GCA_002215075.1_ASM221507v1","ftp://ftp.ncbi.nlm.nih.gov/genomes/all/GCF/002/215/075/GCF_002215075.1_ASM221507v1",6177,"kiwi fruit plant rhizosphere","2020-04-16T00:00:00Z",5,315,,50,127
"Brevibacillus massiliensis","Bacteria;Terrabacteria group;Firmicutes","MGYG-HGUT-02314","SAMEA5851818","PRJEB33885","GCA_902385645.1","Contig",4.95279,53.1,,"CABMGL01",132,4825,"2019-08-12T00:00:00Z","ftp://ftp.ncbi.nlm.nih.gov/genomes/all/GCA/902/385/645/GCA_902385645.1_UHGG_MGYG-HGUT-02314","ftp://ftp.ncbi.nlm.nih.gov/genomes/all/GCF/902/385/645/GCF_902385645.1_UHGG_MGYG-HGUT-02314",5106,,"2020-08-28T00:00:00Z",6,194,,0,81
"Brevibacillus panacihumi","Bacteria;Terrabacteria group;Firmicutes","JCM 15085","SAMN10331151","PRJNA498706","GCA_003710985.1","Contig",5.11616,51,,"RHHT01",99,4871,"2018-11-04T00:00:00Z","ftp://ftp.ncbi.nlm.nih.gov/genomes/all/GCA/003/710/985/GCA_003710985.1_ASM371098v1","ftp://ftp.ncbi.nlm.nih.gov/genomes/all/GCF/003/710/985/GCF_003710985.1_ASM371098v1",5075,,"2020-08-16T00:00:00Z",5,71,,14,114
"Brevibacillus thermoruber PM1","Bacteria;Terrabacteria group;Firmicutes","PM1","SAMN02744997","PRJNA214302","GCA_000744635.1","Contig",4.92847,57.6,,"JQMH01",23,4605,"2014-08-28T00:00:00Z","ftp://ftp.ncbi.nlm.nih.gov/genomes/all/GCA/000/744/635/GCA_000744635.1_ASM74463v1","ftp://ftp.ncbi.nlm.nih.gov/genomes/all/GCF/000/744/635/GCF_000744635.1_ASM74463v1",4911,,"2019-12-10T00:00:00Z",7,138,,35,126
"Brevibacillus borstelensis","Bacteria;Terrabacteria group;Firmicutes","NRRL NRS 818","SAMN10330923","PRJNA498706","GCA_003710865.1","Contig",5.27583,51.9,,"RHHO01",112,4950,"2018-11-04T00:00:00Z","ftp://ftp.ncbi.nlm.nih.gov/genomes/all/GCA/003/710/865/GCA_003710865.1_ASM371086v1","ftp://ftp.ncbi.nlm.nih.gov/genomes/all/GCF/003/710/865/GCF_003710865.1_ASM371086v1",5175,,"2020-08-17T00:00:00Z",8,101,,11,105
"Brevibacillus parabrevis","Bacteria;Terrabacteria group;Firmicutes","NRRL NRS 605","SAMN10331203","PRJNA498706","GCA_003710905.1","Contig",6.04997,52.2,,"RHHV01",44,5437,"2018-11-04T00:00:00Z","ftp://ftp.ncbi.nlm.nih.gov/genomes/all/GCA/003/710/905/GCA_003710905.1_ASM371090v1","ftp://ftp.ncbi.nlm.nih.gov/genomes/all/GCF/003/710/905/GCF_003710905.1_ASM371090v1",5682,,"2020-04-03T00:00:00Z",5,110,,14,116
"Brevibacillus agri","Bacteria;Terrabacteria group;Firmicutes","NRRL NRS 1219","SAMN10330895","PRJNA498706","GCA_003710885.1","Contig",5.18136,53.7,,"RHHN01",148,4829,"2018-11-04T00:00:00Z","ftp://ftp.ncbi.nlm.nih.gov/genomes/all/GCA/003/710/885/GCA_003710885.1_ASM371088v1","ftp://ftp.ncbi.nlm.nih.gov/genomes/all/GCF/003/710/885/GCF_003710885.1_ASM371088v1",5150,,"2020-08-16T00:00:00Z",5,184,,13,119
"Brevibacillus sp. 7WMA2","Bacteria;Terrabacteria group;Firmicutes","7WMA2","SAMN13489111","PRJNA593771","GCA_010748895.1","Complete",5.35108,41.4,"chromosome:NZ_CP048799.1/CP048799.1",,1,4428,"2020-02-19T00:00:00Z","ftp://ftp.ncbi.nlm.nih.gov/genomes/all/GCA/010/748/895/GCA_010748895.1_ASM1074889v1","ftp://ftp.ncbi.nlm.nih.gov/genomes/all/GCF/010/748/895/GCF_010748895.1_ASM1074889v1",4691,,"2020-06-13T00:00:00Z",4,112,,36,111
"Brevibacillus sp. SCSIO 07484","Bacteria;Terrabacteria group;Firmicutes","SCSIO 07484","SAMN10587570","PRJNA509738","GCA_003963515.1","Complete",4.07983,56.2116,"chromosome:NZ_CP034541.1/CP034541.1; plasmid unnamed:NZ_CP034542.1/CP034542.1",,2,3742,"2018-12-23T00:00:00Z","ftp://ftp.ncbi.nlm.nih.gov/genomes/all/GCA/003/963/515/GCA_003963515.1_ASM396351v1","ftp://ftp.ncbi.nlm.nih.gov/genomes/all/GCF/003/963/515/GCF_003963515.1_ASM396351v1",3916,,"2020-03-04T00:00:00Z",4,66,,21,83
"Brevibacillus agri","Bacteria;Terrabacteria group;Firmicutes","NBRC 15538","SAMD00097585","PRJDB6065","GCA_006540025.1","Contig",5.11842,53.8,,"BJOD01",170,4785,"2019-06-12T22:09:00Z","ftp://ftp.ncbi.nlm.nih.gov/genomes/all/GCA/006/540/025/GCA_006540025.1_ASM654002v1","ftp://ftp.ncbi.nlm.nih.gov/genomes/all/GCF/006/540/025/GCF_006540025.1_ASM654002v1",5016,,"2020-06-29T00:00:00Z",5,168,,3,55
"Brevibacillus parabrevis","Bacteria;Terrabacteria group;Firmicutes","CN1","SAMN04387678","PRJNA308149","GCA_001619605.1","Contig",5.65191,51.5,,"LQQV01",136,5075,"2016-04-13T00:00:00Z","ftp://ftp.ncbi.nlm.nih.gov/genomes/all/GCA/001/619/605/GCA_001619605.1_ASM161960v1","ftp://ftp.ncbi.nlm.nih.gov/genomes/all/GCF/001/619/605/GCF_001619605.1_ASM161960v1",5332,,"2019-12-17T00:00:00Z",5,138,,5,109
"Brevibacillus borstelensis","Bacteria;Terrabacteria group;Firmicutes","NBRC 15714","SAMD00097592","PRJDB5988","GCA_006540165.1","Contig",5.24088,51.9,,"BJOK01",135,4932,"2019-06-12T22:10:00Z","ftp://ftp.ncbi.nlm.nih.gov/genomes/all/GCA/006/540/165/GCA_006540165.1_ASM654016v1","ftp://ftp.ncbi.nlm.nih.gov/genomes/all/GCF/006/540/165/GCF_006540165.1_ASM654016v1",5092,,"2020-06-29T00:00:00Z",8,98,,2,52
"Brevibacillus formosus","Bacteria;Terrabacteria group;Firmicutes","NRRL NRS-863","SAMN08719530","PRJNA438362","GCA_003013405.1","Scaffold",6.18421,47.4,,"PXZL01",58,5547,"2018-03-21T00:00:00Z","ftp://ftp.ncbi.nlm.nih.gov/genomes/all/GCA/003/013/405/GCA_003013405.1_ASM301340v1","ftp://ftp.ncbi.nlm.nih.gov/genomes/all/GCF/003/013/405/GCF_003013405.1_ASM301340v1",5762,,"2020-07-30T00:00:00Z",5,92,,6,112
"Brevibacillus reuszeri","Bacteria;Terrabacteria group;Firmicutes","NIT02","SAMD00090266","PRJDB6226","GCA_002897295.1","Contig",7.12773,46.9,,"BEXF01",197,6904,"2017-11-16T00:00:00Z","ftp://ftp.ncbi.nlm.nih.gov/genomes/all/GCA/002/897/295/GCA_002897295.1_Brl_assembly01","ftp://ftp.ncbi.nlm.nih.gov/genomes/all/GCF/002/897/295/GCF_002897295.1_Brl_assembly01",7238,,"2020-03-04T00:00:00Z",5,134,,76,119
"Brevibacillus centrosporus","Bacteria;Terrabacteria group;Firmicutes","OK042","SAMN05518846","PRJEB17395","GCA_900114075.1","Scaffold",5.8007,50,,"FORT01",43,5492,"2016-10-31T00:00:00Z","ftp://ftp.ncbi.nlm.nih.gov/genomes/all/GCA/900/114/075/GCA_900114075.1_IMG-taxon_2687453682_annotated_assembly","ftp://ftp.ncbi.nlm.nih.gov/genomes/all/GCF/900/114/075/GCF_900114075.1_IMG-taxon_2687453682_annotated_assembly",5802,,"2020-08-09T00:00:00Z",7,164,,23,116
"Brevibacillus formosus","Bacteria;Terrabacteria group;Firmicutes","NBRC 15716","SAMD00097593","PRJDB5990","GCA_006540185.1","Contig",6.1552,47.4,,"BJOL01",81,5575,"2019-06-12T22:15:00Z","ftp://ftp.ncbi.nlm.nih.gov/genomes/all/GCA/006/540/185/GCA_006540185.1_ASM654018v1","ftp://ftp.ncbi.nlm.nih.gov/genomes/all/GCF/006/540/185/GCF_006540185.1_ASM654018v1",5711,,"2020-06-30T00:00:00Z",5,99,,3,29
"Brevibacillus borstelensis AK1","Bacteria;Terrabacteria group;Firmicutes","AK1","SAMN02470130","PRJNA191598","GCA_000353565.1","Contig",5.15509,52,,"APBN01",29,4802,"2013-04-04T00:00:00Z","ftp://ftp.ncbi.nlm.nih.gov/genomes/all/GCA/000/353/565/GCA_000353565.1_ASM35356v1","ftp://ftp.ncbi.nlm.nih.gov/genomes/all/GCF/000/353/565/GCF_000353565.1_ASM35356v1",5039,,"2019-12-19T00:00:00Z",6,91,,22,118
"Brevibacillus agri 5-2","Bacteria;Terrabacteria group;Firmicutes","5-2","SAMN02585235","PRJNA233552","GCA_000612125.1","Contig",5.51372,54.2,,"JATL01",146,5068,"2014-04-02T00:00:00Z","ftp://ftp.ncbi.nlm.nih.gov/genomes/all/GCA/000/612/125/GCA_000612125.1_BreAgr1.0","ftp://ftp.ncbi.nlm.nih.gov/genomes/all/GCF/000/612/125/GCF_000612125.1_BreAgr1.0",5358,,"2020-06-14T00:00:00Z",7,186,,9,88
"Brevibacillus sp. RS1.1","Bacteria;Terrabacteria group;Firmicutes","RS1.1","SAMN15002666","PRJNA634622","GCA_013284365.1","Contig",6.24668,47.2,,"JABSVA01",46,5627,"2020-06-07T00:00:00Z","ftp://ftp.ncbi.nlm.nih.gov/genomes/all/GCA/013/284/365/GCA_013284365.1_ASM1328436v1","ftp://ftp.ncbi.nlm.nih.gov/genomes/all/GCF/013/284/365/GCF_013284365.1_ASM1328436v1",5865,,"2020-06-09T00:00:00Z",6,117,,6,109
"Brevibacillus sp. AG162","Bacteria;Terrabacteria group;Firmicutes","AG162","SAMN11528540","PRJNA538231","GCA_006715575.1","Scaffold",6.34956,47.6,,"VFNO01",23,5786,"2019-07-08T00:00:00Z","ftp://ftp.ncbi.nlm.nih.gov/genomes/all/GCA/006/715/575/GCA_006715575.1_ASM671557v1","ftp://ftp.ncbi.nlm.nih.gov/genomes/all/GCF/006/715/575/GCF_006715575.1_ASM671557v1",6023,,"2020-08-19T00:00:00Z",8,101,,17,111
"Brevibacillus borstelensis","Bacteria;Terrabacteria group;Firmicutes","SDM","SAMN14975012","PRJNA633907","GCA_013280485.1","Contig",5.24605,51.6,,"JABTBQ01",128,4853,"2020-06-05T00:00:00Z","ftp://ftp.ncbi.nlm.nih.gov/genomes/all/GCA/013/280/485/GCA_013280485.1_ASM1328048v1","ftp://ftp.ncbi.nlm.nih.gov/genomes/all/GCF/013/280/485/GCF_013280485.1_ASM1328048v1",5078,,"2020-06-06T00:00:00Z",5,103,,12,105
"Brevibacillus borstelensis 3096-7","Bacteria;Terrabacteria group;Firmicutes","3096-7","SAMN02592614","PRJNA233554","GCA_000612185.1","Contig",5.4642,51.4,,"JAQG01",192,5086,"2014-04-02T00:00:00Z","ftp://ftp.ncbi.nlm.nih.gov/genomes/all/GCA/000/612/185/GCA_000612185.1_BreBor1.0","ftp://ftp.ncbi.nlm.nih.gov/genomes/all/GCF/000/612/185/GCF_000612185.1_BreBor1.0",5316,,"2019-12-09T00:00:00Z",7,125,,5,93
"Brevibacillus agri BAB-2500","Bacteria;Terrabacteria group;Firmicutes","BAB-2500","SAMN02469861","PRJNA178058","GCA_000328345.1","Contig",5.38649,53.5,,"AOBR01",382,4901,"2012-12-21T00:00:00Z","ftp://ftp.ncbi.nlm.nih.gov/genomes/all/GCA/000/328/345/GCA_000328345.1_Brevibacillus_agri_BAB-2500_v3.1","ftp://ftp.ncbi.nlm.nih.gov/genomes/all/GCF/000/328/345/GCF_000328345.1_Brevibacillus_agri_BAB-2500_v3.1",5426,,"2019-12-22T00:00:00Z",5,404,,26,90
"Brevibacillus sp. DP1.3A","Bacteria;Terrabacteria group;Firmicutes","DP1.3A","SAMN14997623","PRJNA634472","GCA_013284245.1","Contig",6.57998,47.3,,"JABSUU01",62,5894,"2020-06-07T00:00:00Z","ftp://ftp.ncbi.nlm.nih.gov/genomes/all/GCA/013/284/245/GCA_013284245.1_ASM1328424v1","ftp://ftp.ncbi.nlm.nih.gov/genomes/all/GCF/013/284/245/GCF_013284245.1_ASM1328424v1",6112,,"2020-06-09T00:00:00Z",5,111,,5,97
"Brevibacillus sp. HB1.4B","Bacteria;Terrabacteria group;Firmicutes","HB1.4B","SAMN14997622","PRJNA634470","GCA_013284285.1","Contig",6.378,47.2,,"JABSUT01",41,5934,"2020-06-07T00:00:00Z","ftp://ftp.ncbi.nlm.nih.gov/genomes/all/GCA/013/284/285/GCA_013284285.1_ASM1328428v1","ftp://ftp.ncbi.nlm.nih.gov/genomes/all/GCF/013/284/285/GCF_013284285.1_ASM1328428v1",6132,,"2020-06-09T00:00:00Z",5,86,,5,102
"Brevibacillus borstelensis","Bacteria;Terrabacteria group;Firmicutes","GP-1-2017","SAMN14917830","PRJNA632691","GCA_013140865.1","Scaffold",5.32153,51.5,,"JABGNB01",141,4964,"2020-05-21T00:00:00Z","ftp://ftp.ncbi.nlm.nih.gov/genomes/all/GCA/013/140/865/GCA_013140865.1_ASM1314086v1","ftp://ftp.ncbi.nlm.nih.gov/genomes/all/GCF/013/140/865/GCF_013140865.1_ASM1314086v1",5215,,"2020-05-23T00:00:00Z",6,115,,18,112
"Brevibacillus borstelensis","Bacteria;Terrabacteria group;Firmicutes","UBA3579","SAMN06455814","PRJNA348753","GCA_002376405.1","Scaffold",4.45306,52.1,,"DFNA01",87,0,"2017-09-27T00:00:00Z","ftp://ftp.ncbi.nlm.nih.gov/genomes/all/GCA/002/376/405/GCA_002376405.1_ASM237640v1",,0,,"2017-09-27T00:00:00Z",0,0,,0,0
"Brevibacillus sp. M2.1A","Bacteria;Terrabacteria group;Firmicutes","M2.1A","SAMN15002423","PRJNA634616","GCA_013284355.1","Contig",6.21691,47.3,,"JABSUY01",53,5689,"2020-06-07T00:00:00Z","ftp://ftp.ncbi.nlm.nih.gov/genomes/all/GCA/013/284/355/GCA_013284355.1_ASM1328435v1","ftp://ftp.ncbi.nlm.nih.gov/genomes/all/GCF/013/284/355/GCF_013284355.1_ASM1328435v1",5896,,"2020-06-09T00:00:00Z",5,92,,4,106
"Brevibacillus sp. HB1.3","Bacteria;Terrabacteria group;Firmicutes","HB1.3","SAMN14995197","PRJNA634379","GCA_013186635.1","Contig",6.06682,47.3,,"JABMIT01",44,5509,"2020-05-28T00:00:00Z","ftp://ftp.ncbi.nlm.nih.gov/genomes/all/GCA/013/186/635/GCA_013186635.1_ASM1318663v1","ftp://ftp.ncbi.nlm.nih.gov/genomes/all/GCF/013/186/635/GCF_013186635.1_ASM1318663v1",5717,,"2020-05-31T00:00:00Z",5,90,,4,109
"Brevibacillus sp. HB1.2","Bacteria;Terrabacteria group;Firmicutes","HB1.2","SAMN14992170","PRJNA634340","GCA_013332495.1","Contig",6.34277,47.1,,"JABMIU01",55,5863,"2020-06-11T00:00:00Z","ftp://ftp.ncbi.nlm.nih.gov/genomes/all/GCA/013/332/495/GCA_013332495.1_ASM1333249v1","ftp://ftp.ncbi.nlm.nih.gov/genomes/all/GCF/013/332/495/GCF_013332495.1_ASM1333249v1",6047,,"2020-06-13T00:00:00Z",5,76,,2,101
"Brevibacillus sp. HB1.1","Bacteria;Terrabacteria group;Firmicutes","HB1.1","SAMN14989850","PRJNA634338","GCA_013332445.1","Contig",6.3178,47.2,,"JABMIV01",44,5817,"2020-06-11T00:00:00Z","ftp://ftp.ncbi.nlm.nih.gov/genomes/all/GCA/013/332/445/GCA_013332445.1_ASM1333244v1","ftp://ftp.ncbi.nlm.nih.gov/genomes/all/GCF/013/332/445/GCF_013332445.1_ASM1333244v1",5981,,"2020-06-13T00:00:00Z",5,69,,3,87
"Brevibacillus sp. CHY01","Bacteria;Terrabacteria group;Firmicutes","CHY01","SAMN11855616","PRJNA544769","GCA_006170445.1","Contig",5.74127,50.6,,"VCNA01",26,4659,"2019-06-10T00:00:00Z","ftp://ftp.ncbi.nlm.nih.gov/genomes/all/GCA/006/170/445/GCA_006170445.1_ASM617044v1","ftp://ftp.ncbi.nlm.nih.gov/genomes/all/GCF/006/170/445/GCF_006170445.1_ASM617044v1",5000,,"2020-06-28T00:00:00Z",6,64,,20,251
"Brevibacillus sp. Leaf182","Bacteria;Terrabacteria group;Firmicutes","Leaf182","SAMN04151670","PRJNA297956","GCA_001423865.2","Scaffold",6.46271,47.3,,"LMPN02",38,5799,"2015-11-02T00:00:00Z","ftp://ftp.ncbi.nlm.nih.gov/genomes/all/GCA/001/423/865/GCA_001423865.2_ASM142386v2","ftp://ftp.ncbi.nlm.nih.gov/genomes/all/GCF/001/423/865/GCF_001423865.2_ASM142386v2",6034,"Arabidopsis thaliana","2019-12-27T00:00:00Z",6,113,,8,108
"Brevibacillus sp. HD1.4A","Bacteria;Terrabacteria group;Firmicutes","HD1.4A","SAMN14998279","PRJNA634522","GCA_013284325.1","Contig",6.03273,52.2,,"JABSUW01",120,5512,"2020-06-07T00:00:00Z","ftp://ftp.ncbi.nlm.nih.gov/genomes/all/GCA/013/284/325/GCA_013284325.1_ASM1328432v1","ftp://ftp.ncbi.nlm.nih.gov/genomes/all/GCF/013/284/325/GCF_013284325.1_ASM1328432v1",5702,,"2020-06-09T00:00:00Z",5,81,,4,100
"Brevibacillus sp. VP","Bacteria;Terrabacteria group;Firmicutes","VP","SAMN09769437","PRJNA484779","GCA_003400265.1","Contig",5.29024,40.2,,"QUQX01",59,4571,"2018-08-16T00:00:00Z","ftp://ftp.ncbi.nlm.nih.gov/genomes/all/GCA/003/400/265/GCA_003400265.1_ASM340026v1","ftp://ftp.ncbi.nlm.nih.gov/genomes/all/GCF/003/400/265/GCF_003400265.1_ASM340026v1",4878,,"2020-01-29T00:00:00Z",4,187,,19,97
"Brevibacillus sp. LEMMJ03","Bacteria;Terrabacteria group;Firmicutes","LEMMJ03","SAMN12256763","PRJNA554144","GCA_007197875.1","Contig",4.64683,58.2,,"VKJN01",142,4450,"2019-07-21T00:00:00Z","ftp://ftp.ncbi.nlm.nih.gov/genomes/all/GCA/007/197/875/GCA_007197875.1_ASM719787v1","ftp://ftp.ncbi.nlm.nih.gov/genomes/all/GCF/007/197/875/GCF_007197875.1_ASM719787v1",4677,,"2020-08-21T00:00:00Z",5,89,,34,99
"Brevibacillus sp. NRRL NRS-603","Bacteria;Terrabacteria group;Firmicutes","NRRL NRS-603","SAMN08719554","PRJNA438362","GCA_003013445.1","Contig",6.22028,47.4,,"PXZN01",188,5568,"2018-03-21T00:00:00Z","ftp://ftp.ncbi.nlm.nih.gov/genomes/all/GCA/003/013/445/GCA_003013445.1_ASM301344v1","ftp://ftp.ncbi.nlm.nih.gov/genomes/all/GCF/003/013/445/GCF_003013445.1_ASM301344v1",5882,,"2020-01-04T00:00:00Z",5,192,,10,107
"Brevibacillus sp. CFH S0501","Bacteria;Terrabacteria group;Firmicutes","CFH S0501","SAMN10511178","PRJNA507874","GCA_004521915.1","Contig",5.26115,49.7,,"SDKD01",96,5024,"2019-03-29T00:00:00Z","ftp://ftp.ncbi.nlm.nih.gov/genomes/all/GCA/004/521/915/GCA_004521915.1_ASM452191v1","ftp://ftp.ncbi.nlm.nih.gov/genomes/all/GCF/004/521/915/GCF_004521915.1_ASM452191v1",5204,,"2020-04-06T00:00:00Z",9,59,,8,104
"Brevibacillus sp. SYP-B805","Bacteria;Terrabacteria group;Firmicutes","SYP-B805","SAMN14086215","PRJNA606135","GCA_011059135.1","Scaffold",4.06772,55.8,,"JAALGD01",35,3957,"2020-03-03T00:00:00Z","ftp://ftp.ncbi.nlm.nih.gov/genomes/all/GCA/011/059/135/GCA_011059135.1_ASM1105913v1","ftp://ftp.ncbi.nlm.nih.gov/genomes/all/GCF/011/059/135/GCF_011059135.1_ASM1105913v1",4134,,"2020-03-08T00:00:00Z",5,47,,27,98
"Brevibacillus sp. HD3.3A","Bacteria;Terrabacteria group;Firmicutes","HD3.3A","SAMN14998284","PRJNA634527","GCA_013284375.1","Contig",6.07452,52.1,,"JABSUX01",178,5554,"2020-06-07T00:00:00Z","ftp://ftp.ncbi.nlm.nih.gov/genomes/all/GCA/013/284/375/GCA_013284375.1_ASM1328437v1","ftp://ftp.ncbi.nlm.nih.gov/genomes/all/GCF/013/284/375/GCF_013284375.1_ASM1328437v1",5761,,"2020-06-09T00:00:00Z",5,101,,4,97
"Brevibacillus sp. MCWH","Bacteria;Terrabacteria group;Firmicutes","MCWH","SAMN10787354","PRJNA516322","GCA_013096935.1","Contig",3.99508,56,,"SDLF01",271,3813,"2020-05-15T00:00:00Z","ftp://ftp.ncbi.nlm.nih.gov/genomes/all/GCA/013/096/935/GCA_013096935.1_ASM1309693v1","ftp://ftp.ncbi.nlm.nih.gov/genomes/all/GCF/013/096/935/GCF_013096935.1_ASM1309693v1",4007,,"2020-05-24T00:00:00Z",5,56,,31,102
"Brevibacillus sp. MS2.2","Bacteria;Terrabacteria group;Firmicutes","MS2.2","SAMN15002652","PRJNA634619","GCA_013284345.1","Contig",6.27358,47.3,,"JABSUZ01",72,5665,"2020-06-07T00:00:00Z","ftp://ftp.ncbi.nlm.nih.gov/genomes/all/GCA/013/284/345/GCA_013284345.1_ASM1328434v1","ftp://ftp.ncbi.nlm.nih.gov/genomes/all/GCF/013/284/345/GCF_013284345.1_ASM1328434v1",5898,,"2020-06-09T00:00:00Z",6,128,,6,93
"Brevibacillus sp. HB2.2","Bacteria;Terrabacteria group;Firmicutes","HB2.2","SAMN14997697","PRJNA634477","GCA_013284275.1","Contig",6.34617,47.2,,"JABSUV01",137,5774,"2020-06-07T00:00:00Z","ftp://ftp.ncbi.nlm.nih.gov/genomes/all/GCA/013/284/275/GCA_013284275.1_ASM1328427v1","ftp://ftp.ncbi.nlm.nih.gov/genomes/all/GCF/013/284/275/GCF_013284275.1_ASM1328427v1",5911,,"2020-06-09T00:00:00Z",5,115,,3,14
"Brevibacillus sp. CF112","Bacteria;Terrabacteria group;Firmicutes","CF112","SAMN00839619","PRJNA83045","GCA_000282015.1","Contig",5.27182,53.9,,"AKKB01",172,4970,"2012-07-27T00:00:00Z","ftp://ftp.ncbi.nlm.nih.gov/genomes/all/GCA/000/282/015/GCA_000282015.1_Brevibacillus.strCF112_v1.0","ftp://ftp.ncbi.nlm.nih.gov/genomes/all/GCF/000/282/015/GCF_000282015.1_Brevibacillus.strCF112_v1.0",5173,,"2020-02-05T00:00:00Z",5,170,,3,25
"Brevibacillus sp. BC25","Bacteria;Terrabacteria group;Firmicutes","BC25","SAMN00839616","PRJNA83039","GCA_000282075.1","Contig",6.27908,47.2,,"AKIX01",140,5721,"2012-07-27T00:00:00Z","ftp://ftp.ncbi.nlm.nih.gov/genomes/all/GCA/000/282/075/GCA_000282075.1_Brevibacillus.strBC25_v1.0","ftp://ftp.ncbi.nlm.nih.gov/genomes/all/GCF/000/282/075/GCF_000282075.1_Brevibacillus.strBC25_v1.0",5946,,"2020-02-05T00:00:00Z",5,157,,2,61
"Brevibacillus sp. SKDU10","Bacteria;Terrabacteria group;Firmicutes","SKDU10","SAMN04492862","PRJNA312057","GCA_001645205.1","Contig",5.04704,41.4,,"LSSO01",218,4256,"2016-05-16T00:00:00Z","ftp://ftp.ncbi.nlm.nih.gov/genomes/all/GCA/001/645/205/GCA_001645205.1_ASM164520v1","ftp://ftp.ncbi.nlm.nih.gov/genomes/all/GCF/001/645/205/GCF_001645205.1_ASM164520v1",4555,,"2019-12-20T00:00:00Z",4,192,,8,95
"Brevibacillus sp. WF146","Bacteria;Terrabacteria group;Firmicutes","WF146","SAMN04904108","PRJNA319752","GCA_001673705.1","Contig",4.28144,58.3,,"LXGJ01",358,4154,"2016-06-21T00:00:00Z","ftp://ftp.ncbi.nlm.nih.gov/genomes/all/GCA/001/673/705/GCA_001673705.1_ASM167370v1","ftp://ftp.ncbi.nlm.nih.gov/genomes/all/GCF/001/673/705/GCF_001673705.1_ASM167370v1",4484,,"2020-07-01T00:00:00Z",5,240,,2,83
"Brevibacillus sp.","Bacteria;Terrabacteria group;Firmicutes","ZCTH3_B","SAMN08581483","PRJNA436555","GCA_003388715.1","Contig",3.84155,56.7,,"QEWG01",33,3578,"2018-08-14T00:00:00Z","ftp://ftp.ncbi.nlm.nih.gov/genomes/all/GCA/003/388/715/GCA_003388715.1_ASM338871v1",,3722,,"2018-08-14T00:00:00Z",5,43,,11,85
"Brevibacillus sp.","Bacteria;Terrabacteria group;Firmicutes","UBA9366","SAMN08018096","PRJNA417962","GCA_003476365.1","Scaffold",2.71177,41,,"DMUL01",162,1902,"2018-09-06T00:00:00Z","ftp://ftp.ncbi.nlm.nih.gov/genomes/all/GCA/003/476/365/GCA_003476365.1_ASM347636v1",,2596,,"2018-09-06T00:00:00Z",2,679,,0,13
"Brevibacillus brevis","Bacteria;Terrabacteria group;Firmicutes","DZQ7","SAMN03733595","PRJNA284861","GCA_001039275.2","Complete",6.44394,47.4,"chromosome:NZ_CP030117.1/CP030117.1",,1,5730,"2018-06-22T00:00:00Z","ftp://ftp.ncbi.nlm.nih.gov/genomes/all/GCA/001/039/275/GCA_001039275.2_ASM103927v2","ftp://ftp.ncbi.nlm.nih.gov/genomes/all/GCF/001/039/275/GCF_001039275.2_ASM103927v2",6021,,"2020-07-31T00:00:00Z",6,118,"representative",41,126
"Brevibacillus agri","Bacteria;Terrabacteria group;Firmicutes","DSM 6348","SAMN08222603","PRJNA427086","GCA_004117055.1","Complete",5.37482,53.6,"chromosome:NZ_CP026363.1/CP026363.1",,1,4911,"2019-01-29T00:00:00Z","ftp://ftp.ncbi.nlm.nih.gov/genomes/all/GCA/004/117/055/GCA_004117055.1_ASM411705v1","ftp://ftp.ncbi.nlm.nih.gov/genomes/all/GCF/004/117/055/GCF_004117055.1_ASM411705v1",5321,,"2020-03-08T00:00:00Z",5,236,"representative",38,131
"Brevibacillus brevis","Bacteria;Terrabacteria group;Firmicutes","NCTC2611","SAMEA4007825","PRJEB6403","GCA_900637055.1","Complete",6.727,47.4,"chromosome 1:NZ_LR134338.1/LR134338.1",,1,6194,"2018-12-19T00:00:00Z","ftp://ftp.ncbi.nlm.nih.gov/genomes/all/GCA/900/637/055/GCA_900637055.1_46837_E02","ftp://ftp.ncbi.nlm.nih.gov/genomes/all/GCF/900/637/055/GCF_900637055.1_46837_E02",6529,,"2020-03-04T00:00:00Z",7,162,,41,125
"Brevibacillus brevis X23","Bacteria;Terrabacteria group;Firmicutes","X23","SAMN02469906","PRJNA168657","GCA_000296715.2","Complete",6.64344,46.9,"chromosome:NZ_CP023474.1/CP023474.1",,1,6126,"2017-09-27T00:00:00Z","ftp://ftp.ncbi.nlm.nih.gov/genomes/all/GCA/000/296/715/GCA_000296715.2_ASM29671v2","ftp://ftp.ncbi.nlm.nih.gov/genomes/all/GCF/000/296/715/GCF_000296715.2_ASM29671v2",6395,,"2020-01-08T00:00:00Z",5,96,,41,127
"Brevibacillus brevis","Bacteria;Terrabacteria group;Firmicutes","HK544","SAMN12347649","PRJNA556321","GCA_007725005.1","Complete",6.48625,47.3,"chromosome:NZ_CP042161.1/CP042161.1",,1,5823,"2019-07-31T00:00:00Z","ftp://ftp.ncbi.nlm.nih.gov/genomes/all/GCA/007/725/005/GCA_007725005.1_ASM772500v1","ftp://ftp.ncbi.nlm.nih.gov/genomes/all/GCF/007/725/005/GCF_007725005.1_ASM772500v1",6113,,"2020-08-24T00:00:00Z",5,117,,41,127
"Brevibacillus brevis NBRC 100599","Bacteria;Terrabacteria group;Firmicutes","NBRC 100599 (= 47)","SAMD00060942","PRJDA29147","GCA_000010165.1","Complete",6.29644,47.3,"chromosome:NC_012491.1/AP008955.1",,1,5720,"2009-04-01T00:00:00Z","ftp://ftp.ncbi.nlm.nih.gov/genomes/all/GCA/000/010/165/GCA_000010165.1_ASM1016v1","ftp://ftp.ncbi.nlm.nih.gov/genomes/all/GCF/000/010/165/GCF_000010165.1_ASM1016v1",5992,,"2020-07-31T00:00:00Z",5,96,,44,127
"Brevibacillus brevis","Bacteria;Terrabacteria group;Firmicutes","DSM 30","SAMN09064221","PRJNA456022","GCA_003385915.1","Scaffold",6.61054,47.4,,"QRDR01",64,6134,"2018-08-14T00:00:00Z","ftp://ftp.ncbi.nlm.nih.gov/genomes/all/GCA/003/385/915/GCA_003385915.1_ASM338591v1","ftp://ftp.ncbi.nlm.nih.gov/genomes/all/GCF/003/385/915/GCF_003385915.1_ASM338591v1",6457,,"2020-05-10T00:00:00Z",7,183,,26,107
"Brevibacillus brevis","Bacteria;Terrabacteria group;Firmicutes","NRRL NRS-604","SAMN08714134","PRJNA438362","GCA_003012835.1","Contig",6.61322,47.4,,"PXXZ01",97,6149,"2018-03-20T00:00:00Z","ftp://ftp.ncbi.nlm.nih.gov/genomes/all/GCA/003/012/835/GCA_003012835.1_ASM301283v1","ftp://ftp.ncbi.nlm.nih.gov/genomes/all/GCF/003/012/835/GCF_003012835.1_ASM301283v1",6424,,"2020-07-30T00:00:00Z",7,148,,11,109
"Brevibacillus laterosporus DSM 25","Bacteria;Terrabacteria group;Firmicutes","DSM 25","SAMN02440440","PRJNA174177","GCA_000374385.1","Scaffold",5.27801,40.5,,"ARFS01",69,4601,"2013-04-19T00:00:00Z","ftp://ftp.ncbi.nlm.nih.gov/genomes/all/GCA/000/374/385/GCA_000374385.1_ASM37438v1","ftp://ftp.ncbi.nlm.nih.gov/genomes/all/GCF/000/374/385/GCF_000374385.1_ASM37438v1",4886,,"2020-05-06T00:00:00Z",4,179,,16,86
"Brevibacillus brevis","Bacteria;Terrabacteria group;Firmicutes","NBRC 15304","SAMD00097556","PRJDB5989","GCA_006539845.1","Contig",6.5191,47.4,,"BJNU01",158,6075,"2019-06-12T22:21:00Z","ftp://ftp.ncbi.nlm.nih.gov/genomes/all/GCA/006/539/845/GCA_006539845.1_ASM653984v1","ftp://ftp.ncbi.nlm.nih.gov/genomes/all/GCF/006/539/845/GCF_006539845.1_ASM653984v1",6290,,"2020-06-30T00:00:00Z",7,164,,3,41
"Brevibacillus brevis","Bacteria;Terrabacteria group;Firmicutes","Ag35","SAMN14175792","PRJNA608504","GCA_014526365.1","Contig",6.47589,47.3,,"JAAKZO01",2,5805,"2020-09-11T00:00:00Z","ftp://ftp.ncbi.nlm.nih.gov/genomes/all/GCA/014/526/365/GCA_014526365.1_ASM1452636v1","ftp://ftp.ncbi.nlm.nih.gov/genomes/all/GCF/014/526/365/GCF_014526365.1_ASM1452636v1",6118,"Alfalfa","2020-09-14T00:00:00Z",7,134,,44,128
"Brevibacillus laterosporus","Bacteria;Terrabacteria group;Firmicutes","Uniss_18","SAMN05386400","PRJNA328965","GCA_001696705.1","Scaffold",5.23379,41.1,,"MBFH01",64,4485,"2016-07-29T00:00:00Z","ftp://ftp.ncbi.nlm.nih.gov/genomes/all/GCA/001/696/705/GCA_001696705.1_ASM169670v1","ftp://ftp.ncbi.nlm.nih.gov/genomes/all/GCF/001/696/705/GCF_001696705.1_ASM169670v1",4687,,"2020-06-20T00:00:00Z",4,122,,20,56
"Brevibacillus laterosporus","Bacteria;Terrabacteria group;Firmicutes","Lak 1210","SAMN06759470","PRJNA383103","GCA_002412145.1","Contig",5.05133,41.1,,"NDIP01",60,4335,"2017-10-03T00:00:00Z","ftp://ftp.ncbi.nlm.nih.gov/genomes/all/GCA/002/412/145/GCA_002412145.1_A5-miseq","ftp://ftp.ncbi.nlm.nih.gov/genomes/all/GCF/002/412/145/GCF_002412145.1_A5-miseq",4636,,"2020-06-27T00:00:00Z",4,133,,55,109
"Brevibacillus brevis","Bacteria;Terrabacteria group;Firmicutes","NBRC 110488","SAMD00053328","PRJDB4879","GCA_001748185.1","Scaffold",6.28069,47.3,,"BDFB01",25,5802,"2016-08-23T20:41:00Z","ftp://ftp.ncbi.nlm.nih.gov/genomes/all/GCA/001/748/185/GCA_001748185.1_ASM174818v1","ftp://ftp.ncbi.nlm.nih.gov/genomes/all/GCF/001/748/185/GCF_001748185.1_ASM174818v1",6038,,"2020-05-13T00:00:00Z",5,102,,12,117
"Brevibacillus brevis","Bacteria;Terrabacteria group;Firmicutes","G25-137","SAMN03731095","PRJNA284737","GCA_015912885.1","Scaffold",6.34163,47.1,,"LDJY01",61,5772,"2020-12-10T00:00:00Z","ftp://ftp.ncbi.nlm.nih.gov/genomes/all/GCA/015/912/885/GCA_015912885.1_ASM1591288v1",,6062,,"2020-12-10T00:00:00Z",1,126,,39,125
"Brevibacillus laterosporus","Bacteria;Terrabacteria group;Firmicutes","BGSP7","SAMN08466361","PRJNA432906","GCA_002927075.1","Scaffold",5.33537,40.2,,"PRKS01",110,4591,"2018-02-13T00:00:00Z","ftp://ftp.ncbi.nlm.nih.gov/genomes/all/GCA/002/927/075/GCA_002927075.1_ASM292707v1","ftp://ftp.ncbi.nlm.nih.gov/genomes/all/GCF/002/927/075/GCF_002927075.1_ASM292707v1",4900,,"2020-07-27T00:00:00Z",4,163,,38,104
"Brevibacillus laterosporus","Bacteria;Terrabacteria group;Firmicutes","OSY-I1","SAMN07375960","PRJNA395357","GCA_002259955.1","Contig",5.17274,40.3,,"NOLX01",150,4448,"2017-08-18T00:00:00Z","ftp://ftp.ncbi.nlm.nih.gov/genomes/all/GCA/002/259/955/GCA_002259955.1_ASM225995v1","ftp://ftp.ncbi.nlm.nih.gov/genomes/all/GCF/002/259/955/GCF_002259955.1_ASM225995v1",4779,,"2020-06-26T00:00:00Z",4,170,,43,114
"Brevibacillus brevis","Bacteria;Terrabacteria group;Firmicutes","ATCC 35690","SAMN06556602","PRJNA378690","GCA_002161835.1","Contig",6.12987,47.3,,"MXAR01",97,5443,"2017-05-30T00:00:00Z","ftp://ftp.ncbi.nlm.nih.gov/genomes/all/GCA/002/161/835/GCA_002161835.1_ASM216183v1","ftp://ftp.ncbi.nlm.nih.gov/genomes/all/GCF/002/161/835/GCF_002161835.1_ASM216183v1",5875,,"2020-07-13T00:00:00Z",5,209,,82,136
"Brevibacillus brevis FJAT-0809-GLX","Bacteria;Terrabacteria group;Firmicutes","FJAT-0809-GLX","SAMN02469798","PRJNA80571","GCA_000346255.1","Contig",6.02045,47.3,,"AHKL01",72,5445,"2013-03-12T00:00:00Z","ftp://ftp.ncbi.nlm.nih.gov/genomes/all/GCA/000/346/255/GCA_000346255.1_FJAT-GLX-0809","ftp://ftp.ncbi.nlm.nih.gov/genomes/all/GCF/000/346/255/GCF_000346255.1_FJAT-GLX-0809",5716,,"2019-10-29T00:00:00Z",5,185,,1,80
"Brevibacillus laterosporus","Bacteria;Terrabacteria group;Firmicutes","BON707","SAMN09340646","PRJNA474507","GCA_003594765.1","Scaffold",5.07502,41,,"QJSB01",83,4340,"2018-09-25T00:00:00Z","ftp://ftp.ncbi.nlm.nih.gov/genomes/all/GCA/003/594/765/GCA_003594765.1_ASM359476v1","ftp://ftp.ncbi.nlm.nih.gov/genomes/all/GCF/003/594/765/GCF_003594765.1_ASM359476v1",4536,"Chrysomya putoria","2020-03-03T00:00:00Z",4,143,,5,44
"Brevibacillus brevis","Bacteria;Terrabacteria group;Firmicutes","GZDF3.1","SAMN04606799","PRJNA317405","GCA_001649505.1","Scaffold",6.43466,46.8,,"LVYG01",64,5811,"2016-05-22T00:00:00Z","ftp://ftp.ncbi.nlm.nih.gov/genomes/all/GCA/001/649/505/GCA_001649505.1_ASM164950v1","ftp://ftp.ncbi.nlm.nih.gov/genomes/all/GCF/001/649/505/GCF_001649505.1_ASM164950v1",6095,,"2020-06-05T00:00:00Z",7,168,,10,99
"Brevibacillus brevis","Bacteria;Terrabacteria group;Firmicutes","3","SAMEA6854745","PRJEB38476","GCA_903797695.1","Scaffold",5.92168,47.4,,"CAIGKC01",1698,0,"2020-07-28T00:00:00Z","ftp://ftp.ncbi.nlm.nih.gov/genomes/all/GCA/903/797/695/GCA_903797695.1_B324",,0,,"2020-07-28T00:00:00Z",0,0,,0,0
"Brevibacillus laterosporus PE36","Bacteria;Terrabacteria group;Firmicutes","PE36","SAMN02351358","PRJNA218523","GCA_000472325.2","Scaffold",5.13337,41.1,,"AXBT01",62,4393,"2013-09-30T00:00:00Z","ftp://ftp.ncbi.nlm.nih.gov/genomes/all/GCA/000/472/325/GCA_000472325.2_PE_F_paired_","ftp://ftp.ncbi.nlm.nih.gov/genomes/all/GCF/000/472/325/GCF_000472325.2_PE_F_paired_",4608,"Sus scrofa","2020-06-09T00:00:00Z",4,111,,3,97
"Brevibacillus laterosporus","Bacteria;Terrabacteria group;Firmicutes","K75","SAMN14533758","PRJNA622969","GCA_012328875.1","Contig",5.26267,40.3,,"JAAXNZ01",153,4590,"2020-04-15T00:00:00Z","ftp://ftp.ncbi.nlm.nih.gov/genomes/all/GCA/012/328/875/GCA_012328875.1_ASM1232887v1","ftp://ftp.ncbi.nlm.nih.gov/genomes/all/GCF/012/328/875/GCF_012328875.1_ASM1232887v1",4905,,"2020-04-17T00:00:00Z",4,162,,40,109
"Brevibacillus laterosporus","Bacteria;Terrabacteria group;Firmicutes","MG64","SAMN08384468","PRJNA431148","GCA_003265735.1","Contig",5.15042,40.7,,"QJJD01",105,4470,"2018-06-26T00:00:00Z","ftp://ftp.ncbi.nlm.nih.gov/genomes/all/GCA/003/265/735/GCA_003265735.1_ASM326573v1","ftp://ftp.ncbi.nlm.nih.gov/genomes/all/GCF/003/265/735/GCF_003265735.1_ASM326573v1",4728,,"2020-08-03T00:00:00Z",6,174,,9,69
"Brevibacillus laterosporus","Bacteria;Terrabacteria group;Firmicutes","BGSP11","SAMN08466364","PRJNA432906","GCA_002926995.1","Contig",5.64333,40,,"PRKQ01",157,4888,"2018-02-13T00:00:00Z","ftp://ftp.ncbi.nlm.nih.gov/genomes/all/GCA/002/926/995/GCA_002926995.1_ASM292699v1","ftp://ftp.ncbi.nlm.nih.gov/genomes/all/GCF/002/926/995/GCF_002926995.1_ASM292699v1",5217,,"2020-07-27T00:00:00Z",4,187,,34,104
"Brevibacillus laterosporus","Bacteria;Terrabacteria group;Firmicutes","BGSP9","SAMN08466363","PRJNA432906","GCA_002927085.1","Scaffold",5.80134,40.3,,"PRKR01",192,4919,"2018-02-13T00:00:00Z","ftp://ftp.ncbi.nlm.nih.gov/genomes/all/GCA/002/927/085/GCA_002927085.1_ASM292708v1","ftp://ftp.ncbi.nlm.nih.gov/genomes/all/GCF/002/927/085/GCF_002927085.1_ASM292708v1",5302,,"2020-07-27T00:00:00Z",4,230,,42,107
"Brevibacillus laterosporus","Bacteria;Terrabacteria group;Firmicutes","NRS590","SAMN10396742","PRJNA503267","GCA_006438615.1","Scaffold",5.2868,40.2,,"RKQC01",111,4475,"2019-06-24T00:00:00Z","ftp://ftp.ncbi.nlm.nih.gov/genomes/all/GCA/006/438/615/GCA_006438615.1_ASM643861v1","ftp://ftp.ncbi.nlm.nih.gov/genomes/all/GCF/006/438/615/GCF_006438615.1_ASM643861v1",4758,"unknown","2020-08-31T00:00:00Z",4,179,,8,92
"Brevibacillus laterosporus","Bacteria;Terrabacteria group;Firmicutes","UBA5783","SAMN06455499","PRJNA348753","GCA_002419105.1","Scaffold",5.23047,40.2,,"DIED01",51,0,"2017-10-03T00:00:00Z","ftp://ftp.ncbi.nlm.nih.gov/genomes/all/GCA/002/419/105/GCA_002419105.1_ASM241910v1",,0,,"2017-10-03T00:00:00Z",0,0,,0,0
"Brevibacillus laterosporus","Bacteria;Terrabacteria group;Firmicutes","ZQ2","SAMN08241832","PRJNA427613","GCA_002865525.1","Complete",5.20764,41.3,"chromosome:NZ_CP025545.1/CP025545.1",,1,4370,"2018-01-07T00:00:00Z","ftp://ftp.ncbi.nlm.nih.gov/genomes/all/GCA/002/865/525/GCA_002865525.1_ASM286552v1","ftp://ftp.ncbi.nlm.nih.gov/genomes/all/GCF/002/865/525/GCF_002865525.1_ASM286552v1",4642,,"2020-07-31T00:00:00Z",4,121,"representative",36,111
"Brevibacillus laterosporus DSM 25","Bacteria;Terrabacteria group;Firmicutes","DSM 25","SAMN05913073","PRJNA348654","GCA_002706795.1","Complete",5.40014,40.7,"chromosome:NZ_CP017705.1/CP017705.1",,1,4539,"2017-10-25T00:00:00Z","ftp://ftp.ncbi.nlm.nih.gov/genomes/all/GCA/002/706/795/GCA_002706795.1_ASM270679v1","ftp://ftp.ncbi.nlm.nih.gov/genomes/all/GCF/002/706/795/GCF_002706795.1_ASM270679v1",4867,,"2019-12-21T00:00:00Z",4,181,,33,110
"Brevibacillus laterosporus","Bacteria;Terrabacteria group;Firmicutes","E7593-50","SAMN10078525","PRJNA491466","GCA_003590075.1","Complete",5.70675,40.069,"chromosome:NZ_CP032410.1/CP032410.1; plasmid pAZOBL1:NZ_CP032411.1/CP032411.1",,2,5035,"2018-09-24T00:00:00Z","ftp://ftp.ncbi.nlm.nih.gov/genomes/all/GCA/003/590/075/GCA_003590075.1_ASM359007v1","ftp://ftp.ncbi.nlm.nih.gov/genomes/all/GCF/003/590/075/GCF_003590075.1_ASM359007v1",5397,,"2020-02-27T00:00:00Z",4,211,,36,111
"Brevibacillus laterosporus","Bacteria;Terrabacteria group;Firmicutes","1821L","SAMN10361674","PRJNA503267","GCA_007833815.1","Complete",5.7597,40.5659,"chromosome:NZ_CP033464.1/CP033464.1; plasmid p1821L01:NZ_CP033461.1/CP033461.1; plasmid p1821L02:NZ_CP033462.1/CP033462.1; plasmid p1821L03:NZ_CP033463.1/CP033463.1",,4,5072,"2019-08-05T00:00:00Z","ftp://ftp.ncbi.nlm.nih.gov/genomes/all/GCA/007/833/815/GCA_007833815.1_ASM783381v1","ftp://ftp.ncbi.nlm.nih.gov/genomes/all/GCF/007/833/815/GCF_007833815.1_ASM783381v1",5467,"cabbage","2020-08-31T00:00:00Z",5,242,,36,112
"Brevibacillus laterosporus","Bacteria;Terrabacteria group;Firmicutes","Bl-zj","SAMN10185818","PRJNA494917","GCA_003663745.1","Complete",5.20255,41.3,"chromosome:NZ_CP032848.1/CP032848.1",,1,4358,"2018-10-16T00:00:00Z","ftp://ftp.ncbi.nlm.nih.gov/genomes/all/GCA/003/663/745/GCA_003663745.1_ASM366374v1","ftp://ftp.ncbi.nlm.nih.gov/genomes/all/GCF/003/663/745/GCF_003663745.1_ASM366374v1",4669,,"2020-02-29T00:00:00Z",4,160,,36,111
"Brevibacillus laterosporus LMG 15441","Bacteria;Terrabacteria group;Firmicutes","LMG 15441","SAMN02469848","PRJNA67803","GCA_000219535.3","Complete",5.15386,41.0942,"chromosome:NZ_CP007806.1/CP007806.1; plasmid pBRLA07:NZ_CP007808.1/CP007808.1; plasmid pBRLA33:NZ_CP007807.1/CP007807.1",,3,4342,"2014-07-22T00:00:00Z","ftp://ftp.ncbi.nlm.nih.gov/genomes/all/GCA/000/219/535/GCA_000219535.3_ASM21953v3","ftp://ftp.ncbi.nlm.nih.gov/genomes/all/GCF/000/219/535/GCF_000219535.2_ASM21953v3",4623,,"2020-07-31T00:00:00Z",4,130,,36,111
"Brevibacillus laterosporus","Bacteria;Terrabacteria group;Firmicutes","1951","SAMN10362427","PRJNA503267","GCA_006439045.1","Contig",5.48493,40.5927,"plasmid p195101:NZ_CM017013.1/CM017013.1","RHPK01",4,4722,"2019-06-24T00:00:00Z","ftp://ftp.ncbi.nlm.nih.gov/genomes/all/GCA/006/439/045/GCA_006439045.1_ASM643904v1","ftp://ftp.ncbi.nlm.nih.gov/genomes/all/GCF/006/439/045/GCF_006439045.1_ASM643904v1",5135,"forage rape","2020-08-31T00:00:00Z",5,262,,36,110
"Brevibacillus laterosporus GI-9","Bacteria;Terrabacteria group;Firmicutes","GI-9","SAMEA2272710","PRJEA77883","GCA_000237005.2","Contig",5.1847,40.8,,"CAGD01",61,4402,"2011-12-05T00:00:00Z","ftp://ftp.ncbi.nlm.nih.gov/genomes/all/GCA/000/237/005/GCA_000237005.2_ASM23700v2","ftp://ftp.ncbi.nlm.nih.gov/genomes/all/GCF/000/237/005/GCF_000237005.1_ASM23700v2",4633,,"2020-09-15T00:00:00Z",4,121,,7,99
"Brevibacillus laterosporus","Bacteria;Terrabacteria group;Firmicutes","Rsp","SAMN10362719","PRJNA503267","GCA_006438655.1","Contig",5.41795,40.7839,"plasmid pRsp01:NZ_CM017014.1/CM017014.1; plasmid pRsp02:NZ_CM017015.1/CM017015.1","RHPL01",112,4883,"2019-06-24T00:00:00Z","ftp://ftp.ncbi.nlm.nih.gov/genomes/all/GCA/006/438/655/GCA_006438655.1_ASM643865v1","ftp://ftp.ncbi.nlm.nih.gov/genomes/all/GCF/006/438/655/GCF_006438655.1_ASM643865v1",5195,"potato","2020-08-31T00:00:00Z",4,217,,18,73
"Brevibacillus laterosporus","Bacteria;Terrabacteria group;Firmicutes","CCEB342","SAMN10396953","PRJNA503267","GCA_006438635.1","Scaffold",4.52679,41.0926,"plasmid pCCEB34201:NZ_CM017019.1/CM017019.1","RKQD01",90,4003,"2019-06-24T00:00:00Z","ftp://ftp.ncbi.nlm.nih.gov/genomes/all/GCA/006/438/635/GCA_006438635.1_ASM643863v1","ftp://ftp.ncbi.nlm.nih.gov/genomes/all/GCF/006/438/635/GCF_006438635.1_ASM643863v1",4198,"unknown","2020-08-31T00:00:00Z",4,96,,8,87
